1,Ervin,Broschke,ebroschke0@edublogs.org
2,Sarine,Spellacey,sspellacey1@newyorker.com
3,Dud,Woodison,dwoodison2@eventbrite.com
4,Madelena,Apdell,mapdell3@g.co
5,Cass,Garmston,cgarmston4@usgs.gov
6,Brandy,Strahan,bstrahan5@freewebs.com
7,Horton,Godilington,hgodilington6@marriott.com
8,Chrystel,Itzkov,citzkov7@jugem.jp
9,Germayne,Napper,gnapper8@google.co.jp
10,Beniamino,Drayn,bdrayn9@vk.com


